{"Alabama": 0.000174, "Alaska": 8.8e-05, "Arizona": 0.00013, "Arkansas": 0.000178, "California": 8.1e-05, "Colorado": 0.0001, "Connecticut": 7.4e-05, "Delaware": 0.000133, "District of Columbia": 3.4e-05, "Florida": 0.000145, "Georgia": 0.00014, "Hawaii": 6.5e-05, "Idaho": 0.00013, "Illinois": 7.7e-05, "Indiana": 0.000124, "Iowa": 0.000102, "Kansas": 0.000122, "Kentucky": 0.000171, "Louisiana": 0.000155, "Maine": 0.000117, "Maryland": 8.5e-05, "Massachusetts": 4.5e-05, "Michigan": 9.7e-05, "Minnesota": 7.4e-05, "Mississippi": 0.000226, "Missouri": 0.000143, "Montana": 0.000217, "Nebraska": 0.000129, "Nevada": 0.000112, "New Hampshire": 8.5e-05, "New Jersey": 6.2e-05, "New Mexico": 0.000143, "New York": 5.6e-05, "North Carolina": 0.000137, "North Dakota": 0.000173, "Ohio": 9.5e-05, "Oklahoma": 0.000164, "Oregon": 0.000111, "Pennsylvania": 9.3e-05, "Rhode Island": 4.2e-05, "South Carolina": 0.000199, "South Dakota": 0.000155, "Tennessee": 0.000145, "Texas": 0.000128, "Utah": 9.2e-05, "Vermont": 9.1e-05, "Virginia": 8.9e-05, "Washington": 7.9e-05, "West Virginia": 0.000145, "Wisconsin": 9.8e-05, "Wyoming": 0.000247}
