{"Alabama": 0.000176, "Alaska": 6.9e-05, "Arizona": 0.000128, "Arkansas": 0.000168, "California": 8.1e-05, "Colorado": 9.1e-05, "Connecticut": 7.9e-05, "Delaware": 0.000106, "District of Columbia": 3e-05, "Florida": 0.000122, "Georgia": 0.000118, "Hawaii": 7.2e-05, "Idaho": 0.000132, "Illinois": 7.6e-05, "Indiana": 0.000119, "Iowa": 0.000102, "Kansas": 0.00012, "Kentucky": 0.000144, "Louisiana": 0.000151, "Maine": 0.000108, "Maryland": 7.8e-05, "Massachusetts": 5.2e-05, "Michigan": 9.5e-05, "Minnesota": 7.1e-05, "Mississippi": 0.000204, "Missouri": 0.000125, "Montana": 0.000225, "Nebraska": 0.000112, "Nevada": 9.5e-05, "New Hampshire": 0.000102, "New Jersey": 6e-05, "New Mexico": 0.000149, "New York": 6.1e-05, "North Carolina": 0.000131, "North Dakota": 0.000204, "Ohio": 8.5e-05, "Oklahoma": 0.000175, "Oregon": 7.9e-05, "Pennsylvania": 9.4e-05, "Rhode Island": 6.1e-05, "South Carolina": 0.00016, "South Dakota": 0.000159, "Tennessee": 0.000153, "Texas": 0.000128, "Utah": 7.5e-05, "Vermont": 0.00011, "Virginia": 8.9e-05, "Washington": 6.2e-05, "West Virginia": 0.000179, "Wisconsin": 9.4e-05, "Wyoming": 0.000149}
