{"Alabama": 0.000186, "Alaska": 9.9e-05, "Arizona": 0.000127, "Arkansas": 0.000187, "California": 7.4e-05, "Colorado": 8.7e-05, "Connecticut": 6.1e-05, "Delaware": 0.000109, "District of Columbia": 4.3e-05, "Florida": 0.000125, "Georgia": 0.000124, "Hawaii": 7.2e-05, "Idaho": 0.000105, "Illinois": 7.1e-05, "Indiana": 0.000115, "Iowa": 0.000117, "Kansas": 0.000134, "Kentucky": 0.000164, "Louisiana": 0.000148, "Maine": 0.000102, "Maryland": 8.2e-05, "Massachusetts": 5.6e-05, "Michigan": 9e-05, "Minnesota": 6.8e-05, "Mississippi": 0.000211, "Missouri": 0.00013, "Montana": 0.000209, "Nebraska": 9.8e-05, "Nevada": 9e-05, "New Hampshire": 6.8e-05, "New Jersey": 7e-05, "New Mexico": 0.000168, "New York": 5.9e-05, "North Carolina": 0.000127, "North Dakota": 0.000215, "Ohio": 8.8e-05, "Oklahoma": 0.000183, "Oregon": 8.5e-05, "Pennsylvania": 0.0001, "Rhode Island": 6.2e-05, "South Carolina": 0.000177, "South Dakota": 0.000134, "Tennessee": 0.000146, "Texas": 0.000119, "Utah": 8.6e-05, "Vermont": 8.7e-05, "Virginia": 9.4e-05, "Washington": 6.6e-05, "West Virginia": 0.000182, "Wisconsin": 0.000101, "Wyoming": 0.000237}
