{"Alabama": 0.000169, "Alaska": 9.9e-05, "Arizona": 0.000115, "Arkansas": 0.000158, "California": 8e-05, "Colorado": 9.1e-05, "Connecticut": 6.9e-05, "Delaware": 0.000132, "District of Columbia": 3.4e-05, "Florida": 0.000125, "Georgia": 0.000115, "Hawaii": 6.7e-05, "Idaho": 0.000113, "Illinois": 7.1e-05, "Indiana": 0.000112, "Iowa": 0.000103, "Kansas": 0.000132, "Kentucky": 0.000152, "Louisiana": 0.000159, "Maine": 9.8e-05, "Maryland": 7.4e-05, "Massachusetts": 5.2e-05, "Michigan": 9e-05, "Minnesota": 6.6e-05, "Mississippi": 0.000202, "Missouri": 0.000126, "Montana": 0.000187, "Nebraska": 0.000119, "Nevada": 0.000102, "New Hampshire": 7.1e-05, "New Jersey": 6.2e-05, "New Mexico": 0.000185, "New York": 5.2e-05, "North Carolina": 0.000129, "North Dakota": 0.000182, "Ohio": 8.6e-05, "Oklahoma": 0.000172, "Oregon": 8.9e-05, "Pennsylvania": 9.3e-05, "Rhode Island": 4.8e-05, "South Carolina": 0.00017, "South Dakota": 0.000159, "Tennessee": 0.000147, "Texas": 0.000131, "Utah": 8.7e-05, "Vermont": 7e-05, "Virginia": 8.4e-05, "Washington": 6.5e-05, "West Virginia": 0.000147, "Wisconsin": 8.7e-05, "Wyoming": 0.000257}
