{"Alabama": 0.00018, "Alaska": 7.8e-05, "Arizona": 0.000118, "Arkansas": 0.000195, "California": 7.2e-05, "Colorado": 8.9e-05, "Connecticut": 8.9e-05, "Delaware": 0.000112, "District of Columbia": 3.9e-05, "Florida": 0.000129, "Georgia": 0.000128, "Hawaii": 8.2e-05, "Idaho": 0.000133, "Illinois": 7.2e-05, "Indiana": 0.000116, "Iowa": 0.000127, "Kansas": 0.00015, "Kentucky": 0.000174, "Louisiana": 0.000158, "Maine": 0.000121, "Maryland": 8.5e-05, "Massachusetts": 5.2e-05, "Michigan": 9.5e-05, "Minnesota": 7.7e-05, "Mississippi": 0.000215, "Missouri": 0.000136, "Montana": 0.00019, "Nebraska": 0.000103, "Nevada": 9.5e-05, "New Hampshire": 9.7e-05, "New Jersey": 6.3e-05, "New Mexico": 0.000169, "New York": 6.1e-05, "North Carolina": 0.000138, "North Dakota": 0.000155, "Ohio": 9.3e-05, "Oklahoma": 0.000177, "Oregon": 8.2e-05, "Pennsylvania": 0.000104, "Rhode Island": 6.3e-05, "South Carolina": 0.000174, "South Dakota": 0.000171, "Tennessee": 0.000162, "Texas": 0.000119, "Utah": 9.1e-05, "Vermont": 0.000113, "Virginia": 9.2e-05, "Washington": 6.8e-05, "West Virginia": 0.000169, "Wisconsin": 0.0001, "Wyoming": 0.000274}
