{"Alabama": 0.000178, "Alaska": 9.1e-05, "Arizona": 0.000127, "Arkansas": 0.000205, "California": 8.3e-05, "Colorado": 9.3e-05, "Connecticut": 6.2e-05, "Delaware": 0.00013, "District of Columbia": 4.8e-05, "Florida": 0.000137, "Georgia": 0.000134, "Hawaii": 8e-05, "Idaho": 0.000145, "Illinois": 7.1e-05, "Indiana": 0.000107, "Iowa": 0.000122, "Kansas": 0.000136, "Kentucky": 0.000183, "Louisiana": 0.000183, "Maine": 0.000119, "Maryland": 9.5e-05, "Massachusetts": 5.2e-05, "Michigan": 8.8e-05, "Minnesota": 7.9e-05, "Mississippi": 0.000236, "Missouri": 0.000147, "Montana": 0.000224, "Nebraska": 0.000123, "Nevada": 9e-05, "New Hampshire": 8.3e-05, "New Jersey": 6.6e-05, "New Mexico": 0.000177, "New York": 5.9e-05, "North Carolina": 0.000138, "North Dakota": 0.00021, "Ohio": 8.8e-05, "Oklahoma": 0.000198, "Oregon": 9.8e-05, "Pennsylvania": 9.9e-05, "Rhode Island": 7.8e-05, "South Carolina": 0.000194, "South Dakota": 0.000162, "Tennessee": 0.000156, "Texas": 0.000125, "Utah": 8.9e-05, "Vermont": 0.000118, "Virginia": 9.5e-05, "Washington": 7.3e-05, "West Virginia": 0.000193, "Wisconsin": 9.8e-05, "Wyoming": 0.000239}
