{"Alabama": 0.000179, "Alaska": 8e-05, "Arizona": 0.000125, "Arkansas": 0.000189, "California": 7.8e-05, "Colorado": 9.1e-05, "Connecticut": 7.3e-05, "Delaware": 0.000124, "District of Columbia": 2.3e-05, "Florida": 0.000125, "Georgia": 0.00012, "Hawaii": 8.9e-05, "Idaho": 0.000115, "Illinois": 7.4e-05, "Indiana": 0.000119, "Iowa": 0.000118, "Kansas": 0.00014, "Kentucky": 0.00017, "Louisiana": 0.000157, "Maine": 0.000123, "Maryland": 8.6e-05, "Massachusetts": 5.7e-05, "Michigan": 9.5e-05, "Minnesota": 7.3e-05, "Mississippi": 0.000194, "Missouri": 0.000137, "Montana": 0.000203, "Nebraska": 0.000114, "Nevada": 9.4e-05, "New Hampshire": 8.1e-05, "New Jersey": 6.6e-05, "New Mexico": 0.000175, "New York": 6e-05, "North Carolina": 0.000133, "North Dakota": 0.000242, "Ohio": 9.7e-05, "Oklahoma": 0.000185, "Oregon": 8.6e-05, "Pennsylvania": 0.000102, "Rhode Island": 6e-05, "South Carolina": 0.000182, "South Dakota": 0.000159, "Tennessee": 0.000157, "Texas": 0.00013, "Utah": 7.5e-05, "Vermont": 0.000122, "Virginia": 9.4e-05, "Washington": 6.3e-05, "West Virginia": 0.000182, "Wisconsin": 0.000107, "Wyoming": 0.000213}
