{"New Hampshire": 0.18348300457000732, "Arizona": 0.17147499322891235, "Texas": 0.16473400592803955, "Mississippi": 0.16947700083255768, "Hawaii": 0.1751980036497116, "Washington": 0.19847899675369263, "Idaho": 0.19509799778461456, "Michigan": 0.18627899885177612, "Alabama": 0.1743600070476532, "Maryland": 0.168614000082016, "Colorado": 0.18947899341583252, "South Dakota": 0.16404500603675842, "South Carolina": 0.1695059984922409, "Massachusetts": 0.18008199334144592, "Georgia": 0.1650339961051941, "Kentucky": 0.19232499599456787, "Tennessee": 0.19123899936676025, "North Dakota": 0.1546339988708496, "Wisconsin": 0.199630007147789, "Delaware": 0.1775369942188263, "Virginia": 0.16331300139427185, "Oklahoma": 0.2032649964094162, "New York": 0.18353800475597382, "North Carolina": 0.1774190068244934, "Kansas": 0.1724500060081482, "Iowa": 0.17226800322532654, "Louisiana": 0.17463800311088562, "Illinois": 0.16681599617004395, "Indiana": 0.203683003783226, "Alaska": 0.16718900203704834, "Pennsylvania": 0.17825999855995178, "West Virginia": 0.20002800226211548, "Florida": 0.16988199949264526, "California": 0.17435599863529205, "Nevada": 0.2058819979429245, "Connecticut": 0.17872600257396698, "Missouri": 0.19107499718666077, "Arkansas": 0.1959719955921173, "Oregon": 0.19549599289894104, "Vermont": 0.1865600049495697, "Utah": 0.2178030014038086, "Minnesota": 0.18938399851322174, "Ohio": 0.18413500487804413, "Nebraska": 0.17564800381660461, "Maine": 0.1925159990787506, "New Mexico": 0.17850899696350098, "New Jersey": 0.17648999392986298, "Montana": 0.19178099930286407, "District of Columbia": 0.17986999452114105, "Rhode Island": 0.23525500297546387, "Wyoming": 0.20243799686431885}