{"New Hampshire": 0.18636900186538696, "Arizona": 0.1833849996328354, "Texas": 0.18107999861240387, "Mississippi": 0.19123800098896027, "Hawaii": 0.18137499690055847, "Washington": 0.1984889954328537, "Idaho": 0.19967499375343323, "Michigan": 0.20052599906921387, "Alabama": 0.19349299371242523, "Maryland": 0.16554400324821472, "Colorado": 0.17190299928188324, "South Dakota": 0.17052499949932098, "South Carolina": 0.18044200539588928, "Massachusetts": 0.19336199760437012, "Georgia": 0.1880369931459427, "Kentucky": 0.19680100679397583, "Tennessee": 0.20515799522399902, "North Dakota": 0.16352100670337677, "Wisconsin": 0.18332000076770782, "Delaware": 0.18378299474716187, "Virginia": 0.1756410002708435, "Oklahoma": 0.20482400059700012, "New York": 0.1868630051612854, "North Carolina": 0.18466000258922577, "Kansas": 0.17637699842453003, "Iowa": 0.18030500411987305, "Louisiana": 0.2007569968700409, "Illinois": 0.16681399941444397, "Indiana": 0.19587300717830658, "Alaska": 0.18634000420570374, "Pennsylvania": 0.17955400049686432, "West Virginia": 0.21733400225639343, "Florida": 0.1690569967031479, "California": 0.18543200194835663, "Nevada": 0.18379400670528412, "Connecticut": 0.17260700464248657, "Missouri": 0.19066299498081207, "Arkansas": 0.20458300411701202, "Oregon": 0.22311699390411377, "Vermont": 0.19735600054264069, "Utah": 0.22304899990558624, "Minnesota": 0.17954599857330322, "Ohio": 0.19685299694538116, "Nebraska": 0.17993299663066864, "Maine": 0.21362699568271637, "New Mexico": 0.19333699345588684, "New Jersey": 0.15618300437927246, "Montana": 0.1986519992351532, "District of Columbia": 0.1999800056219101, "Rhode Island": 0.20132499933242798, "Wyoming": 0.1910109966993332}