{"New Hampshire": 0.18533100187778473, "Arizona": 0.18828800320625305, "Texas": 0.1686439961194992, "Mississippi": 0.20271599292755127, "Hawaii": 0.17484399676322937, "Washington": 0.20768000185489655, "Idaho": 0.20582400262355804, "Michigan": 0.19808800518512726, "Alabama": 0.19341599941253662, "Maryland": 0.17926999926567078, "Colorado": 0.1812320053577423, "South Dakota": 0.1776829957962036, "South Carolina": 0.19560199975967407, "Massachusetts": 0.1738010048866272, "Georgia": 0.1899459958076477, "Kentucky": 0.19473600387573242, "Tennessee": 0.20253700017929077, "North Dakota": 0.17211300134658813, "Wisconsin": 0.17982199788093567, "Delaware": 0.18262100219726562, "Virginia": 0.1749649941921234, "Oklahoma": 0.2187730073928833, "New York": 0.1860940009355545, "North Carolina": 0.16844899952411652, "Kansas": 0.18197999894618988, "Iowa": 0.18402199447155, "Louisiana": 0.19284699857234955, "Illinois": 0.158610999584198, "Indiana": 0.1986989974975586, "Alaska": 0.18934999406337738, "Pennsylvania": 0.1798889935016632, "West Virginia": 0.2138260006904602, "Florida": 0.16866999864578247, "California": 0.1767510026693344, "Nevada": 0.1604599952697754, "Connecticut": 0.1671220064163208, "Missouri": 0.1898680031299591, "Arkansas": 0.1981479972600937, "Oregon": 0.2089349925518036, "Vermont": 0.193900004029274, "Utah": 0.22347800433635712, "Minnesota": 0.1717589944601059, "Ohio": 0.19644899666309357, "Nebraska": 0.1788789927959442, "Maine": 0.20045499503612518, "New Mexico": 0.1958950012922287, "New Jersey": 0.14656700193881989, "Montana": 0.1891690045595169, "District of Columbia": 0.19442300498485565, "Rhode Island": 0.18804000318050385, "Wyoming": 0.1960269957780838}