{"New Hampshire": 0.20860600471496582, "Arizona": 0.18588800728321075, "Texas": 0.16877000033855438, "Mississippi": 0.19293199479579926, "Hawaii": 0.17037199437618256, "Washington": 0.19760900735855103, "Idaho": 0.20805099606513977, "Michigan": 0.19054700434207916, "Alabama": 0.19506700336933136, "Maryland": 0.16301199793815613, "Colorado": 0.17874599993228912, "South Dakota": 0.1677590012550354, "South Carolina": 0.17589600384235382, "Massachusetts": 0.2011370062828064, "Georgia": 0.18572600185871124, "Kentucky": 0.2008019983768463, "Tennessee": 0.20406800508499146, "North Dakota": 0.16120700538158417, "Wisconsin": 0.1843869984149933, "Delaware": 0.19063800573349, "Virginia": 0.1808290034532547, "Oklahoma": 0.19047999382019043, "New York": 0.1762859970331192, "North Carolina": 0.19326500594615936, "Kansas": 0.17563599348068237, "Iowa": 0.1682550013065338, "Louisiana": 0.1982869952917099, "Illinois": 0.16371400654315948, "Indiana": 0.20253700017929077, "Alaska": 0.1812169998884201, "Pennsylvania": 0.1752289980649948, "West Virginia": 0.21147599816322327, "Florida": 0.160302996635437, "California": 0.18141299486160278, "Nevada": 0.18517599999904633, "Connecticut": 0.16440799832344055, "Missouri": 0.18951499462127686, "Arkansas": 0.19998200237751007, "Oregon": 0.2266409993171692, "Vermont": 0.20455099642276764, "Utah": 0.20874300599098206, "Minnesota": 0.19652999937534332, "Ohio": 0.20263099670410156, "Nebraska": 0.1819709986448288, "Maine": 0.20545099675655365, "New Mexico": 0.2001439929008484, "New Jersey": 0.1626870036125183, "Montana": 0.19760699570178986, "District of Columbia": 0.19319799542427063, "Rhode Island": 0.21598400175571442, "Wyoming": 0.19144000113010406}