{"New Hampshire": 0.2167470008134842, "Arizona": 0.1831810027360916, "Texas": 0.1598459929227829, "Mississippi": 0.1794860064983368, "Hawaii": 0.15911999344825745, "Washington": 0.19678400456905365, "Idaho": 0.20413999259471893, "Michigan": 0.1807429939508438, "Alabama": 0.1884710043668747, "Maryland": 0.16615700721740723, "Colorado": 0.19548800587654114, "South Dakota": 0.17574000358581543, "South Carolina": 0.17519499361515045, "Massachusetts": 0.18994399905204773, "Georgia": 0.17424699664115906, "Kentucky": 0.21302099525928497, "Tennessee": 0.19848500192165375, "North Dakota": 0.16784699261188507, "Wisconsin": 0.1875469982624054, "Delaware": 0.1850530058145523, "Virginia": 0.19176100194454193, "Oklahoma": 0.19179700314998627, "New York": 0.1722089946269989, "North Carolina": 0.1947930008172989, "Kansas": 0.17522099614143372, "Iowa": 0.17103900015354156, "Louisiana": 0.18419800698757172, "Illinois": 0.1615999937057495, "Indiana": 0.2056249976158142, "Alaska": 0.18109899759292603, "Pennsylvania": 0.18205900490283966, "West Virginia": 0.20892399549484253, "Florida": 0.16768300533294678, "California": 0.17040200531482697, "Nevada": 0.17913700640201569, "Connecticut": 0.17416000366210938, "Missouri": 0.17986400425434113, "Arkansas": 0.19769999384880066, "Oregon": 0.21472300589084625, "Vermont": 0.2026890069246292, "Utah": 0.20476500689983368, "Minnesota": 0.18784500658512115, "Ohio": 0.20195400714874268, "Nebraska": 0.18192699551582336, "Maine": 0.19162899255752563, "New Mexico": 0.19926400482654572, "New Jersey": 0.16188600659370422, "Montana": 0.1997230052947998, "District of Columbia": 0.17953799664974213, "Rhode Island": 0.20503300428390503, "Wyoming": 0.1951110064983368}