{"New Hampshire": 0.19191299378871918, "Arizona": 0.1976419985294342, "Texas": 0.15678900480270386, "Mississippi": 0.19515299797058105, "Hawaii": 0.17177699506282806, "Washington": 0.21541300415992737, "Idaho": 0.22781699895858765, "Michigan": 0.19733500480651855, "Alabama": 0.21719899773597717, "Maryland": 0.17509600520133972, "Colorado": 0.17580200731754303, "South Dakota": 0.17867299914360046, "South Carolina": 0.18427500128746033, "Massachusetts": 0.1786089986562729, "Georgia": 0.17102399468421936, "Kentucky": 0.19522500038146973, "Tennessee": 0.21402600407600403, "North Dakota": 0.16834299266338348, "Wisconsin": 0.17534799873828888, "Delaware": 0.18188099563121796, "Virginia": 0.17799800634384155, "Oklahoma": 0.2025970071554184, "New York": 0.1871650069952011, "North Carolina": 0.1642419993877411, "Kansas": 0.17357200384140015, "Iowa": 0.1883630007505417, "Louisiana": 0.1856600046157837, "Illinois": 0.1605280041694641, "Indiana": 0.19485700130462646, "Alaska": 0.19230200350284576, "Pennsylvania": 0.17537300288677216, "West Virginia": 0.20516599714756012, "Florida": 0.1615380048751831, "California": 0.16342699527740479, "Nevada": 0.16475799679756165, "Connecticut": 0.1658480018377304, "Missouri": 0.19377799332141876, "Arkansas": 0.20625099539756775, "Oregon": 0.2061470001935959, "Vermont": 0.19106200337409973, "Utah": 0.22015999257564545, "Minnesota": 0.1732109934091568, "Ohio": 0.20248299837112427, "Nebraska": 0.17694500088691711, "Maine": 0.17014899849891663, "New Mexico": 0.1844319999217987, "New Jersey": 0.16027599573135376, "Montana": 0.19480399787425995, "District of Columbia": 0.19280299544334412, "Rhode Island": 0.18216100335121155, "Wyoming": 0.17991000413894653}