{"New Hampshire": 0.1976339966058731, "Arizona": 0.1825679987668991, "Texas": 0.1598999947309494, "Mississippi": 0.177947998046875, "Hawaii": 0.17744599282741547, "Washington": 0.2075369954109192, "Idaho": 0.22430700063705444, "Michigan": 0.19695399701595306, "Alabama": 0.20851600170135498, "Maryland": 0.17032599449157715, "Colorado": 0.18419699370861053, "South Dakota": 0.16815300285816193, "South Carolina": 0.17180399596691132, "Massachusetts": 0.18505600094795227, "Georgia": 0.15560300648212433, "Kentucky": 0.1932400017976761, "Tennessee": 0.21171799302101135, "North Dakota": 0.16261400282382965, "Wisconsin": 0.18894200026988983, "Delaware": 0.182901993393898, "Virginia": 0.17517800629138947, "Oklahoma": 0.20344500243663788, "New York": 0.190201997756958, "North Carolina": 0.17217899858951569, "Kansas": 0.15987099707126617, "Iowa": 0.1921059936285019, "Louisiana": 0.17507800459861755, "Illinois": 0.1696760058403015, "Indiana": 0.1882680058479309, "Alaska": 0.1939059942960739, "Pennsylvania": 0.17532199621200562, "West Virginia": 0.20469099283218384, "Florida": 0.1701669991016388, "California": 0.17066499590873718, "Nevada": 0.2027589976787567, "Connecticut": 0.1763489991426468, "Missouri": 0.19415000081062317, "Arkansas": 0.20035800337791443, "Oregon": 0.20118199288845062, "Vermont": 0.19754600524902344, "Utah": 0.22867900133132935, "Minnesota": 0.1838040053844452, "Ohio": 0.19664299488067627, "Nebraska": 0.17583799362182617, "Maine": 0.18695400655269623, "New Mexico": 0.16430699825286865, "New Jersey": 0.1754000037908554, "Montana": 0.20722700655460358, "District of Columbia": 0.1914069950580597, "Rhode Island": 0.2129639983177185, "Wyoming": 0.19469599425792694}