{"New Hampshire": 0.020733000710606575, "Arizona": 0.021364999935030937, "Texas": 0.014245999976992607, "Mississippi": 0.014209999702870846, "Hawaii": 0.01762400008738041, "Washington": 0.016826000064611435, "Idaho": 0.012795000337064266, "Michigan": 0.014113999903202057, "Alabama": 0.01255400013178587, "Maryland": 0.014196000061929226, "Colorado": 0.025456000119447708, "South Dakota": 0.010181000456213951, "South Carolina": 0.018019000068306923, "Massachusetts": 0.019359000027179718, "Georgia": 0.016735000535845757, "Kentucky": 0.014887000434100628, "Tennessee": 0.014562999829649925, "North Dakota": 0.012845000252127647, "Wisconsin": 0.013805000111460686, "Delaware": 0.019971000030636787, "Virginia": 0.013515000231564045, "Oklahoma": 0.013489999808371067, "New York": 0.02244899980723858, "North Carolina": 0.016513999551534653, "Kansas": 0.014042999595403671, "Iowa": 0.012110999785363674, "Louisiana": 0.01728600077331066, "Illinois": 0.019060999155044556, "Indiana": 0.012988000176846981, "Alaska": 0.01826000027358532, "Pennsylvania": 0.018501000478863716, "West Virginia": 0.016130000352859497, "Florida": 0.018092000856995583, "California": 0.01996600069105625, "Nevada": 0.014367000199854374, "Connecticut": 0.02043600007891655, "Missouri": 0.013183999806642532, "Arkansas": 0.014073999598622322, "Oregon": 0.020363999530673027, "Vermont": 0.021841000765562057, "Utah": 0.018226999789476395, "Minnesota": 0.01399299968034029, "Ohio": 0.01628899946808815, "Nebraska": 0.014949999749660492, "Maine": 0.018439000472426414, "New Mexico": 0.02157600037753582, "New Jersey": 0.019850999116897583, "Montana": 0.0161569993942976, "District of Columbia": 0.03177100047469139, "Rhode Island": 0.027939999476075172, "Wyoming": 0.013899000361561775}