{"New Hampshire": 0.022933000698685646, "Arizona": 0.018028000369668007, "Texas": 0.015610000118613243, "Mississippi": 0.01510199997574091, "Hawaii": 0.016739999875426292, "Washington": 0.0202649999409914, "Idaho": 0.009604999795556068, "Michigan": 0.015337999910116196, "Alabama": 0.009437999688088894, "Maryland": 0.01608699932694435, "Colorado": 0.02629699930548668, "South Dakota": 0.00991399958729744, "South Carolina": 0.014441999606788158, "Massachusetts": 0.02222999930381775, "Georgia": 0.011947999708354473, "Kentucky": 0.012749000452458858, "Tennessee": 0.012694000266492367, "North Dakota": 0.009185999631881714, "Wisconsin": 0.015495000407099724, "Delaware": 0.019254999235272408, "Virginia": 0.016064999625086784, "Oklahoma": 0.012888000346720219, "New York": 0.01946599967777729, "North Carolina": 0.0171470008790493, "Kansas": 0.014554999768733978, "Iowa": 0.010223999619483948, "Louisiana": 0.014325999654829502, "Illinois": 0.019053999334573746, "Indiana": 0.010463999584317207, "Alaska": 0.019858000800013542, "Pennsylvania": 0.017949000000953674, "West Virginia": 0.014241999946534634, "Florida": 0.016787000000476837, "California": 0.02109299972653389, "Nevada": 0.019386999309062958, "Connecticut": 0.02004300057888031, "Missouri": 0.014558999799191952, "Arkansas": 0.01104199979454279, "Oregon": 0.02191000059247017, "Vermont": 0.028101999312639236, "Utah": 0.014554000459611416, "Minnesota": 0.013159000314772129, "Ohio": 0.015317000448703766, "Nebraska": 0.014492000453174114, "Maine": 0.018283000215888023, "New Mexico": 0.02107599936425686, "New Jersey": 0.02186499908566475, "Montana": 0.014406999573111534, "District of Columbia": 0.03217900171875954, "Rhode Island": 0.027261000126600266, "Wyoming": 0.011986999772489071}