{"New Hampshire": 0.029051000252366066, "Arizona": 0.024399999529123306, "Texas": 0.019818000495433807, "Mississippi": 0.014487000182271004, "Hawaii": 0.018130000680685043, "Washington": 0.021702000871300697, "Idaho": 0.013139000162482262, "Michigan": 0.02108299918472767, "Alabama": 0.014487000182271004, "Maryland": 0.01641800068318844, "Colorado": 0.03474599868059158, "South Dakota": 0.011973000131547451, "South Carolina": 0.029519999399781227, "Massachusetts": 0.025769999250769615, "Georgia": 0.015961000695824623, "Kentucky": 0.013977999798953533, "Tennessee": 0.01639699935913086, "North Dakota": 0.012424999848008156, "Wisconsin": 0.028748000040650368, "Delaware": 0.025172999128699303, "Virginia": 0.01826700009405613, "Oklahoma": 0.015436000190675259, "New York": 0.028258999809622765, "North Carolina": 0.02224300056695938, "Kansas": 0.015711000189185143, "Iowa": 0.011118999682366848, "Louisiana": 0.02510800026357174, "Illinois": 0.02010500058531761, "Indiana": 0.017240000888705254, "Alaska": 0.03180300071835518, "Pennsylvania": 0.02390200085937977, "West Virginia": 0.026487000286579132, "Florida": 0.018750999122858047, "California": 0.022048000246286392, "Nevada": 0.024311000481247902, "Connecticut": 0.021395999938249588, "Missouri": 0.0212009996175766, "Arkansas": 0.014934999868273735, "Oregon": 0.027699999511241913, "Vermont": 0.03187600150704384, "Utah": 0.014650999568402767, "Minnesota": 0.018357999622821808, "Ohio": 0.0153590003028512, "Nebraska": 0.01624000072479248, "Maine": 0.024170000106096268, "New Mexico": 0.022634999826550484, "New Jersey": 0.01809599995613098, "Montana": 0.024434000253677368, "District of Columbia": 0.040091000497341156, "Rhode Island": 0.04151400178670883, "Wyoming": 0.014945999719202518}