{"New Hampshire": 0.020669000223279, "Arizona": 0.02339399978518486, "Texas": 0.014979000203311443, "Mississippi": 0.015087000094354153, "Hawaii": 0.01696000061929226, "Washington": 0.01803399994969368, "Idaho": 0.012006999924778938, "Michigan": 0.011636000126600266, "Alabama": 0.012648999691009521, "Maryland": 0.015607000328600407, "Colorado": 0.02857300080358982, "South Dakota": 0.011475999839603901, "South Carolina": 0.017159000039100647, "Massachusetts": 0.024188999086618423, "Georgia": 0.01969500072300434, "Kentucky": 0.016533000394701958, "Tennessee": 0.01437199953943491, "North Dakota": 0.014800000004470348, "Wisconsin": 0.014957999810576439, "Delaware": 0.01817299984395504, "Virginia": 0.01588599942624569, "Oklahoma": 0.012044999748468399, "New York": 0.02225399948656559, "North Carolina": 0.017319999635219574, "Kansas": 0.014523999765515327, "Iowa": 0.014375999569892883, "Louisiana": 0.0188400000333786, "Illinois": 0.01844000071287155, "Indiana": 0.014737999998033047, "Alaska": 0.016821999102830887, "Pennsylvania": 0.018143000081181526, "West Virginia": 0.015154000371694565, "Florida": 0.019252000376582146, "California": 0.02244899980723858, "Nevada": 0.01550699956715107, "Connecticut": 0.02132599987089634, "Missouri": 0.011222999542951584, "Arkansas": 0.013900999911129475, "Oregon": 0.018874000757932663, "Vermont": 0.021018000319600105, "Utah": 0.016970999538898468, "Minnesota": 0.01395300030708313, "Ohio": 0.017062000930309296, "Nebraska": 0.013276999816298485, "Maine": 0.01580600067973137, "New Mexico": 0.022610999643802643, "New Jersey": 0.017844999209046364, "Montana": 0.016143999993801117, "District of Columbia": 0.0345660001039505, "Rhode Island": 0.023142000660300255, "Wyoming": 0.013375000096857548}