{"New Hampshire": 0.0327720008790493, "Arizona": 0.024404000490903854, "Texas": 0.01501299999654293, "Mississippi": 0.010754000395536423, "Hawaii": 0.019917000085115433, "Washington": 0.019511999562382698, "Idaho": 0.010947000235319138, "Michigan": 0.013255000114440918, "Alabama": 0.01309099979698658, "Maryland": 0.016109000891447067, "Colorado": 0.02934199944138527, "South Dakota": 0.010765999555587769, "South Carolina": 0.017402000725269318, "Massachusetts": 0.026100000366568565, "Georgia": 0.018572000786662102, "Kentucky": 0.01693199947476387, "Tennessee": 0.016196999698877335, "North Dakota": 0.012403000146150589, "Wisconsin": 0.016781000420451164, "Delaware": 0.023723000660538673, "Virginia": 0.013129999861121178, "Oklahoma": 0.011730000376701355, "New York": 0.027053000405430794, "North Carolina": 0.01926100067794323, "Kansas": 0.012442000210285187, "Iowa": 0.01119800005108118, "Louisiana": 0.018776999786496162, "Illinois": 0.019290000200271606, "Indiana": 0.013174000196158886, "Alaska": 0.021469000726938248, "Pennsylvania": 0.01720999926328659, "West Virginia": 0.016276000067591667, "Florida": 0.02015499956905842, "California": 0.022846000269055367, "Nevada": 0.015414999797940254, "Connecticut": 0.026047000661492348, "Missouri": 0.01433899998664856, "Arkansas": 0.011311000213027, "Oregon": 0.02268199995160103, "Vermont": 0.028341999277472496, "Utah": 0.009390000253915787, "Minnesota": 0.016152000054717064, "Ohio": 0.015433000400662422, "Nebraska": 0.014581000432372093, "Maine": 0.018845999613404274, "New Mexico": 0.0204050000756979, "New Jersey": 0.018290000036358833, "Montana": 0.01572199910879135, "District of Columbia": 0.03351600095629692, "Rhode Island": 0.026846999302506447, "Wyoming": 0.011235999874770641}