{"New Hampshire": 0.026362000033259392, "Arizona": 0.02383599989116192, "Texas": 0.014089999720454216, "Mississippi": 0.010507999919354916, "Hawaii": 0.016486000269651413, "Washington": 0.020406000316143036, "Idaho": 0.010243999771773815, "Michigan": 0.011196999810636044, "Alabama": 0.013092000037431717, "Maryland": 0.014407999813556671, "Colorado": 0.027382999658584595, "South Dakota": 0.009593999944627285, "South Carolina": 0.012051999568939209, "Massachusetts": 0.024966999888420105, "Georgia": 0.015526000410318375, "Kentucky": 0.01673400029540062, "Tennessee": 0.011651000007987022, "North Dakota": 0.013527000322937965, "Wisconsin": 0.019354000687599182, "Delaware": 0.019776999950408936, "Virginia": 0.016788000240921974, "Oklahoma": 0.010261000134050846, "New York": 0.024313999339938164, "North Carolina": 0.015336000360548496, "Kansas": 0.014600999653339386, "Iowa": 0.013581999577581882, "Louisiana": 0.017472999170422554, "Illinois": 0.01845400035381317, "Indiana": 0.012896000407636166, "Alaska": 0.01653200015425682, "Pennsylvania": 0.01623700000345707, "West Virginia": 0.01245999988168478, "Florida": 0.02089500054717064, "California": 0.02268899977207184, "Nevada": 0.016992999240756035, "Connecticut": 0.0233169998973608, "Missouri": 0.01211399957537651, "Arkansas": 0.009844999760389328, "Oregon": 0.02115900069475174, "Vermont": 0.02374899946153164, "Utah": 0.011862999759614468, "Minnesota": 0.013089999556541443, "Ohio": 0.014852000400424004, "Nebraska": 0.012341000139713287, "Maine": 0.01488099992275238, "New Mexico": 0.02302899956703186, "New Jersey": 0.014115000143647194, "Montana": 0.012906000018119812, "District of Columbia": 0.03643399849534035, "Rhode Island": 0.02127699926495552, "Wyoming": 0.01270500011742115}