{"New Hampshire": 0.028919000178575516, "Arizona": 0.020472999662160873, "Texas": 0.018414000049233437, "Mississippi": 0.01738799922168255, "Hawaii": 0.01649799942970276, "Washington": 0.022122999653220177, "Idaho": 0.010792000219225883, "Michigan": 0.017489999532699585, "Alabama": 0.010747999884188175, "Maryland": 0.018868999555706978, "Colorado": 0.03254599869251251, "South Dakota": 0.011641000397503376, "South Carolina": 0.022585000842809677, "Massachusetts": 0.031599000096321106, "Georgia": 0.01485699974000454, "Kentucky": 0.012783999554812908, "Tennessee": 0.012551000341773033, "North Dakota": 0.00970499962568283, "Wisconsin": 0.02118300087749958, "Delaware": 0.018993999809026718, "Virginia": 0.019447000697255135, "Oklahoma": 0.014026000164449215, "New York": 0.02384199947118759, "North Carolina": 0.01921200007200241, "Kansas": 0.01641100086271763, "Iowa": 0.010107000358402729, "Louisiana": 0.01756099984049797, "Illinois": 0.018216999247670174, "Indiana": 0.011943000368773937, "Alaska": 0.024834999814629555, "Pennsylvania": 0.02064399980008602, "West Virginia": 0.01946599967777729, "Florida": 0.019409000873565674, "California": 0.02200300060212612, "Nevada": 0.025551000609993935, "Connecticut": 0.017558999359607697, "Missouri": 0.01774900034070015, "Arkansas": 0.011714999563992023, "Oregon": 0.02018900029361248, "Vermont": 0.03223799914121628, "Utah": 0.013411000370979309, "Minnesota": 0.01285600010305643, "Ohio": 0.01537100039422512, "Nebraska": 0.014314999803900719, "Maine": 0.020826999098062515, "New Mexico": 0.025400999933481216, "New Jersey": 0.023500999435782433, "Montana": 0.019222000613808632, "District of Columbia": 0.03329699859023094, "Rhode Island": 0.03075999952852726, "Wyoming": 0.014287999831140041}