{"ALABAMA": 0.004497836773909106, "WEST VIRGINIA": 0.0029651984831108426, "ARKANSAS": 0.005177109830590597, "VERMONT": 0.0013140118373648996, "DELAWARE": 0.006366354016734416, "COLORADO": 0.003378477885856166, "OREGON": 0.0025470134933685902, "TENNESSEE": 0.006677144854702495, "WYOMING": 0.0022819556470134307, "NEBRASKA": 0.0028158446504239353, "NEW YORK": 0.003847001551010562, "MONTANA": 0.0025364388726436915, "NEW MEXICO": 0.00619006792654121, "MISSISSIPPI": 0.0028130119417505988, "SOUTH CAROLINA": 0.006707822123886433, "KANSAS": 0.004001068559895585, "MAINE": 0.00119775377550347, "IOWA": 0.0027916894957737337, "TEXAS": 0.0049094712831761955, "IDAHO": 0.0022836057163891084, "NORTH CAROLINA": 0.004043222365823946, "MASSACHUSETTS": 0.004570501610125111, "WASHINGTON": 0.003309627044226647, "RHODE ISLAND": 0.0025256145741253634, "INDIANA": 0.0033323405644583863, "CALIFORNIA": 0.00471999853686241, "MARYLAND": 0.005899312182624444, "GEORGIA": 0.0042607692519776, "HAWAII": 0.00274788484671605, "LOUISIANA": 0.0061995834442694206, "VIRGINIA": 0.0022681631291238034, "PENNSYLVANIA": 0.0038053063575074412, "ARIZONA": 0.0040827632464282455, "NEW HAMPSHIRE": 0.0015959836173867089, "SOUTH DAKOTA": 0.0018562673024915587, "NORTH DAKOTA": 0.002006666213182777, "UTAH": 0.002127436460612259, "NEW JERSEY": 0.0031145857724950185, "KENTUCKY": 0.00258662672952702, "MISSOURI": 0.004917512584383006, "ALASKA": 0.006329521685161774, "FLORIDA": 0.006124780983288946, "OKLAHOMA": 0.005010509757122903, "NEVADA": 0.007021718938286132, "WISCONSIN": 0.002570040818607428, "MICHIGAN": 0.004969744908762296, "MINNESOTA": 0.0024385640234141645, "CONNECTICUT": 0.002986679885216901, "OHIO": 0.003320902618074107}