{"ALABAMA": 0.004498734244942424, "WEST VIRGINIA": 0.003163177147082617, "ARKANSAS": 0.00469121242833906, "VERMONT": 0.0014264925057227429, "DELAWARE": 0.005473823782128729, "COLORADO": 0.0030887222601975258, "OREGON": 0.0024755388906826338, "TENNESSEE": 0.006435631372610975, "WYOMING": 0.002014184298730769, "NEBRASKA": 0.002594413979870926, "NEW YORK": 0.004067906912432083, "MONTANA": 0.0027220061662990565, "NEW MEXICO": 0.005590883503441319, "MISSISSIPPI": 0.0026084398742213374, "SOUTH CAROLINA": 0.005588176952797614, "KANSAS": 0.0035455082547762315, "MAINE": 0.001227061252249487, "IOWA": 0.0026387472976586324, "TEXAS": 0.00408592695640001, "IDAHO": 0.002079301735634143, "NORTH CAROLINA": 0.003534017844206047, "MASSACHUSETTS": 0.00405543424879148, "WASHINGTON": 0.0029557727317278846, "RHODE ISLAND": 0.0025240599757019953, "INDIANA": 0.0034573726843389065, "CALIFORNIA": 0.004230755783891405, "MARYLAND": 0.004767558780490582, "GEORGIA": 0.0037894363325603115, "HAWAII": 0.0023917035896382495, "LOUISIANA": 0.004969259389559905, "VIRGINIA": 0.0019013257850390192, "PENNSYLVANIA": 0.0034867296962221126, "ARIZONA": 0.004289166223502672, "NEW HAMPSHIRE": 0.001878523651528941, "SOUTH DAKOTA": 0.0032183201856593956, "NORTH DAKOTA": 0.0024470146992401675, "UTAH": 0.002057936732804793, "NEW JERSEY": 0.002902221084111053, "KENTUCKY": 0.0022262730814317823, "MISSOURI": 0.004509308221803165, "ALASKA": 0.006031862781957457, "FLORIDA": 0.004870540639484225, "ILLINOIS": 0.004147723676152433, "OKLAHOMA": 0.004692750903057025, "NEVADA": 0.006075904036744666, "WISCONSIN": 0.002805253843690222, "MICHIGAN": 0.0045452153923362095, "MINNESOTA": 0.002308733795501473, "CONNECTICUT": 0.0028298100434303425, "OHIO": 0.00299673646346983}