{"ALABAMA": 0.004723626095111751, "WEST VIRGINIA": 0.003378832705755783, "ARKANSAS": 0.005213209034706823, "VERMONT": 0.0011804319837966143, "DELAWARE": 0.0049897772994733245, "COLORADO": 0.003209889575400242, "OREGON": 0.002598178147951701, "TENNESSEE": 0.006120934824316292, "WYOMING": 0.002221437382593963, "NEBRASKA": 0.0027486697008211203, "NEW YORK": 0.003797019275461132, "MONTANA": 0.0034958163471768694, "NEW MEXICO": 0.006561287683281785, "MISSISSIPPI": 0.0027583828404124807, "SOUTH CAROLINA": 0.005044784203739022, "KANSAS": 0.003899175756901349, "MAINE": 0.00130065717415115, "IOWA": 0.0028605278211619517, "TEXAS": 0.004121974957037202, "IDAHO": 0.0021559824282598055, "NORTH CAROLINA": 0.003470346224091643, "MASSACHUSETTS": 0.003909383314724932, "WASHINGTON": 0.0028442122289410936, "RHODE ISLAND": 0.002425451908457651, "INDIANA": 0.003875262852585019, "CALIFORNIA": 0.004263220740993099, "MARYLAND": 0.004572122307518262, "GEORGIA": 0.0037830180736691445, "HAWAII": 0.002934472755365838, "LOUISIANA": 0.005397021960621094, "VIRGINIA": 0.0019562225567884882, "PENNSYLVANIA": 0.0031508682325635854, "ARIZONA": 0.004102479985178817, "NEW HAMPSHIRE": 0.001993073842934959, "SOUTH DAKOTA": 0.0038312391012372024, "NORTH DAKOTA": 0.002393890031667519, "UTAH": 0.0023602106732525147, "NEW JERSEY": 0.002554026210946557, "KENTUCKY": 0.002186621204711676, "MISSOURI": 0.004974134042729457, "ALASKA": 0.007301958745016468, "FLORIDA": 0.0046186544189234895, "ILLINOIS": 0.0038377930940097565, "OKLAHOMA": 0.0042200392806758195, "NEVADA": 0.006959210888165917, "WISCONSIN": 0.003057697029301876, "MICHIGAN": 0.004155271776200052, "MINNESOTA": 0.0024262267847130407, "CONNECTICUT": 0.0021846975927389506, "OHIO": 0.002918863800965486}