{"ALABAMA": 0.004200518870478102, "WEST VIRGINIA": 0.003158948863942601, "ARKANSAS": 0.004809088152093667, "VERMONT": 0.001352104222172913, "DELAWARE": 0.005594536645592993, "COLORADO": 0.0032018083191121946, "OREGON": 0.002475813297953257, "TENNESSEE": 0.006081813699791344, "WYOMING": 0.0021930519327370205, "NEBRASKA": 0.002531692282978616, "NEW YORK": 0.003980951233116213, "MONTANA": 0.0026748173460402185, "NEW MEXICO": 0.005675181920869224, "MISSISSIPPI": 0.0026979914803096313, "SOUTH CAROLINA": 0.005718889646373442, "KANSAS": 0.0035392398679593958, "MAINE": 0.0012317533361241029, "IOWA": 0.0025555879566692974, "TEXAS": 0.004084685609141551, "IDAHO": 0.0020088518187869287, "NORTH CAROLINA": 0.0034975763744691216, "MASSACHUSETTS": 0.004283695755135152, "WASHINGTON": 0.002945957255289063, "RHODE ISLAND": 0.0024750262056002937, "INDIANA": 0.003318437753282915, "CALIFORNIA": 0.004110802338708633, "MARYLAND": 0.004940901180432199, "GEORGIA": 0.00373237047398884, "HAWAII": 0.002872396913027982, "LOUISIANA": 0.0055534231172439845, "VIRGINIA": 0.0019666269957132644, "PENNSYLVANIA": 0.0035502161755194233, "ARIZONA": 0.004058770490728507, "NEW HAMPSHIRE": 0.0018798446966076313, "SOUTH DAKOTA": 0.0025410092684951253, "NORTH DAKOTA": 0.0024695437558119814, "UTAH": 0.0019501480536500142, "NEW JERSEY": 0.0030838365270761028, "KENTUCKY": 0.002381586668607456, "MISSOURI": 0.004473531149845076, "ALASKA": 0.0060646061119274735, "FLORIDA": 0.005152763142277215, "ILLINOIS": 0.0042929440293250805, "OKLAHOMA": 0.004547794703321211, "NEVADA": 0.005621443222652334, "WISCONSIN": 0.002369144259561008, "MICHIGAN": 0.004453439368857637, "MINNESOTA": 0.00221240552373579, "CONNECTICUT": 0.0027276720895219354, "OHIO": 0.003073551373236664}