{"ALABAMA": 0.004308481124897129, "WEST VIRGINIA": 0.0030027438866550467, "ARKANSAS": 0.004602664145411882, "VERMONT": 0.0012112410832548714, "DELAWARE": 0.004913858940166287, "COLORADO": 0.0030798917387494075, "OREGON": 0.002540415998208681, "TENNESSEE": 0.00590580817853755, "WYOMING": 0.0020509458378671535, "NEBRASKA": 0.002620796396712685, "NEW YORK": 0.003937280543757108, "MONTANA": 0.0025286529775947753, "NEW MEXICO": 0.006129611895149205, "MISSISSIPPI": 0.002746048668647807, "SOUTH CAROLINA": 0.005084569343594622, "KANSAS": 0.003399497642846801, "MAINE": 0.001293380571586883, "IOWA": 0.002714197700244886, "TEXAS": 0.004083379155619441, "IDAHO": 0.0021697921267188375, "NORTH CAROLINA": 0.003421993773392932, "MASSACHUSETTS": 0.004133830502639843, "WASHINGTON": 0.0028908085399128956, "RHODE ISLAND": 0.002572488542678108, "INDIANA": 0.0035743951134867024, "CALIFORNIA": 0.004020841728619936, "MARYLAND": 0.004737709767923231, "GEORGIA": 0.0036569645002930795, "HAWAII": 0.00251628498618999, "LOUISIANA": 0.005185202801012654, "VIRGINIA": 0.0019617682183863867, "PENNSYLVANIA": 0.003354443990477071, "ARIZONA": 0.004164865850242899, "NEW HAMPSHIRE": 0.0021526923010081913, "SOUTH DAKOTA": 0.0031649577394105887, "NORTH DAKOTA": 0.002701159673925515, "UTAH": 0.00224001610550207, "NEW JERSEY": 0.002884933364152102, "KENTUCKY": 0.0020981526837220254, "MISSOURI": 0.004334258577396305, "ALASKA": 0.006404292018304196, "FLORIDA": 0.004704478014980929, "ILLINOIS": 0.003801699019611268, "OKLAHOMA": 0.004412076348216679, "NEVADA": 0.006029813600483991, "WISCONSIN": 0.002779348367226431, "MICHIGAN": 0.004499262401090098, "MINNESOTA": 0.002343931606271147, "CONNECTICUT": 0.002625080643367222, "OHIO": 0.0028624621547604975}