{"Arizona": 0.07980500161647797, "Florida": 0.07701800018548965, "Georgia": 0.07294200360774994, "Illinois": 0.07403399795293808, "Minnesota": 0.07113099843263626, "Missouri": 0.07055199891328812, "North Carolina": 0.07192499935626984, "Oklahoma": 0.07621700316667557, "Pennsylvania": 0.07286500185728073, "South Carolina": 0.07308900356292725, "West Virginia": 0.07469099760055542, "District of Columbia": 0.12079600244760513, "Rhode Island": 0.10977400094270706, "South Dakota": 0.054012998938560486, "Alabama": 0.06395299732685089, "Colorado": 0.12538300454616547, "New Jersey": 0.06996800005435944, "North Dakota": 0.04885999858379364, "Tennessee": 0.06710699945688248, "Utah": 0.037014998495578766, "Arkansas": 0.0669189989566803, "Kentucky": 0.053734999150037766, "Mississippi": 0.057273998856544495, "Massachusetts": 0.11773400008678436, "Montana": 0.10350300371646881, "Oregon": 0.11661499738693237, "Vermont": 0.1182899996638298, "California": 0.09808800369501114, "New Mexico": 0.08206400275230408, "Texas": 0.059317998588085175, "Washington": 0.09809000045061111, "Hawaii": 0.08223699778318405, "Iowa": 0.05525700002908707, "Louisiana": 0.055507998913526535, "Maryland": 0.0611720010638237, "New Hampshire": 0.10698799788951874, "Idaho": 0.08885499835014343, "Maine": 0.10761500149965286, "Michigan": 0.09531500190496445, "Alaska": 0.13923999667167664, "Nebraska": 0.06158699840307236, "Nevada": 0.08187200129032135, "Connecticut": 0.09312299638986588, "New York": 0.09030400216579437, "Wisconsin": 0.06749500334262848, "Kansas": 0.06042899936437607, "Wyoming": 0.0572270005941391, "Indiana": 0.067610003054142, "Ohio": 0.06706500053405762, "Virginia": 0.06712999939918518, "Delaware": 0.0808970034122467}
