{"Arkansas": 0.0862400010228157, "Delaware": 0.09772700071334839, "Georgia": 0.0898749977350235, "Idaho": 0.08550500124692917, "Illinois": 0.08986499905586243, "Indiana": 0.08853799849748611, "Maryland": 0.09583599865436554, "Minnesota": 0.08932600170373917, "Missouri": 0.09282699972391129, "North Carolina": 0.0915369987487793, "South Carolina": 0.08566299825906754, "District of Columbia": 0.17685799300670624, "Rhode Island": 0.14395800232887268, "Alabama": 0.07100600004196167, "Colorado": 0.1680379956960678, "North Dakota": 0.06552600115537643, "South Dakota": 0.06167399883270264, "New Jersey": 0.08216399699449539, "Tennessee": 0.07621300220489502, "Utah": 0.06852400302886963, "West Virginia": 0.08266899734735489, "Kentucky": 0.081495001912117, "Mississippi": 0.06334900110960007, "Oklahoma": 0.07541999965906143, "Massachusetts": 0.12945100665092468, "Montana": 0.11505799740552902, "Oregon": 0.16602900624275208, "Vermont": 0.1556989997625351, "California": 0.10908100008964539, "New Mexico": 0.1278340071439743, "Texas": 0.06399299949407578, "Washington": 0.1622920036315918, "Hawaii": 0.10129299759864807, "Iowa": 0.06250700354576111, "New Hampshire": 0.12546999752521515, "Louisiana": 0.08235800266265869, "Maine": 0.16677099466323853, "Michigan": 0.12294100224971771, "Alaska": 0.16701899468898773, "Nebraska": 0.06858400255441666, "Nevada": 0.09980099648237228, "Connecticut": 0.09826800227165222, "New York": 0.11113200336694717, "Wisconsin": 0.08224699646234512, "Arizona": 0.1040090024471283, "Kansas": 0.07742299884557724, "Pennsylvania": 0.08285000175237656, "Wyoming": 0.07673300057649612, "Florida": 0.08423300087451935, "Ohio": 0.08433099836111069, "Virginia": 0.09834299981594086}
