{"Arizona": 0.09971500188112259, "Delaware": 0.09174200147390366, "Florida": 0.09568099677562714, "Georgia": 0.09867099672555923, "Illinois": 0.09332100301980972, "Kansas": 0.09272199869155884, "Kentucky": 0.09624399989843369, "Minnesota": 0.09168499708175659, "Nevada": 0.10188200324773788, "Pennsylvania": 0.09207099676132202, "South Carolina": 0.09434299916028976, "District of Columbia": 0.19710500538349152, "Rhode Island": 0.14437299966812134, "Alabama": 0.06811600178480148, "Colorado": 0.19906100630760193, "North Dakota": 0.05897999927401543, "South Dakota": 0.07757499814033508, "New Jersey": 0.08659999817609787, "Tennessee": 0.08414199948310852, "Utah": 0.06247499957680702, "West Virginia": 0.08089199662208557, "Arkansas": 0.0892850011587143, "Mississippi": 0.06194699928164482, "Oklahoma": 0.08319199830293655, "Massachusetts": 0.14329099655151367, "Montana": 0.12490800023078918, "Oregon": 0.1647379994392395, "Vermont": 0.15996399521827698, "California": 0.12250199913978577, "New Mexico": 0.11868199706077576, "Texas": 0.07065500319004059, "Washington": 0.14898599684238434, "Hawaii": 0.10374899953603745, "Iowa": 0.057301998138427734, "Maryland": 0.11405500024557114, "New Hampshire": 0.13574600219726562, "Idaho": 0.08681099861860275, "Louisiana": 0.08504699915647507, "Maine": 0.1690949946641922, "Alaska": 0.18763700127601624, "Michigan": 0.12081299722194672, "Nebraska": 0.07276500016450882, "Connecticut": 0.11409799754619598, "New York": 0.11684899777173996, "North Carolina": 0.08612699806690216, "Wisconsin": 0.08473200350999832, "Wyoming": 0.07768800109624863, "Indiana": 0.10404399782419205, "Missouri": 0.103923000395298, "Ohio": 0.08997300267219543, "Virginia": 0.08464299887418747}
