{"Arizona": 0.08287099748849869, "Florida": 0.07613400369882584, "Illinois": 0.07638899981975555, "Minnesota": 0.07093200087547302, "New Jersey": 0.07098399847745895, "North Carolina": 0.07170800119638443, "Ohio": 0.07987099885940552, "Oklahoma": 0.07032600045204163, "Pennsylvania": 0.07188399881124496, "South Carolina": 0.07450699806213379, "West Virginia": 0.07202299684286118, "District of Columbia": 0.1432660073041916, "Rhode Island": 0.12639300525188446, "South Dakota": 0.05151500180363655, "Alabama": 0.06343100219964981, "Colorado": 0.11537600308656693, "North Dakota": 0.05170600116252899, "Tennessee": 0.06621299684047699, "Utah": 0.039744000881910324, "Arkansas": 0.064301997423172, "Kentucky": 0.05944500118494034, "Mississippi": 0.06778299808502197, "Massachusetts": 0.1097629964351654, "Montana": 0.12069399654865265, "Oregon": 0.11964599788188934, "Vermont": 0.13595199584960938, "California": 0.10070700198411942, "New Mexico": 0.08920399844646454, "Texas": 0.05995500087738037, "Washington": 0.10903199762105942, "Hawaii": 0.08785700052976608, "Iowa": 0.06285800039768219, "Louisiana": 0.05768200010061264, "Maryland": 0.060074999928474426, "New Hampshire": 0.09203299880027771, "Idaho": 0.08477000147104263, "Maine": 0.10566200315952301, "Michigan": 0.09580499678850174, "Alaska": 0.1377819925546646, "Georgia": 0.06318999826908112, "Nebraska": 0.060100000351667404, "Nevada": 0.0914819985628128, "Connecticut": 0.0923210009932518, "New York": 0.08947300165891647, "Wisconsin": 0.06266099959611893, "Kansas": 0.05868599936366081, "Wyoming": 0.06208899989724159, "Indiana": 0.06898699700832367, "Missouri": 0.06714700162410736, "Delaware": 0.08913099765777588, "Virginia": 0.06332399696111679}
