{"Arizona": 0.0729219987988472, "Delaware": 0.07350700348615646, "Idaho": 0.07151500135660172, "Illinois": 0.07011500000953674, "Indiana": 0.07081100344657898, "Maryland": 0.06981100142002106, "Minnesota": 0.06923399865627289, "North Carolina": 0.07203400135040283, "Oklahoma": 0.07158099859952927, "Tennessee": 0.06946399807929993, "West Virginia": 0.06876800209283829, "District of Columbia": 0.10107500106096268, "Rhode Island": 0.09393899887800217, "South Dakota": 0.055502999573946, "Alabama": 0.05890899896621704, "Colorado": 0.1078680008649826, "New Jersey": 0.056738000363111496, "North Dakota": 0.04852300137281418, "Utah": 0.04127100110054016, "Arkansas": 0.07848399877548218, "Kentucky": 0.06099100038409233, "Mississippi": 0.053001001477241516, "Massachusetts": 0.09806499630212784, "Montana": 0.0803930014371872, "Oregon": 0.10402499884366989, "Vermont": 0.11086300015449524, "California": 0.08906199783086777, "New Mexico": 0.06815499812364578, "Texas": 0.05292600020766258, "Washington": 0.09082700312137604, "Hawaii": 0.08738499879837036, "Iowa": 0.048996999859809875, "Louisiana": 0.05514099821448326, "New Hampshire": 0.10547400265932083, "Maine": 0.09852399677038193, "Michigan": 0.0850759968161583, "Alaska": 0.12672799825668335, "Georgia": 0.08151300251483917, "Nebraska": 0.06124399974942207, "Nevada": 0.0774490013718605, "Connecticut": 0.0825439989566803, "New York": 0.08337199687957764, "South Carolina": 0.06403999775648117, "Wisconsin": 0.0682239979505539, "Kansas": 0.06003199890255928, "Pennsylvania": 0.0662359967827797, "Wyoming": 0.06267599761486053, "Florida": 0.07382500171661377, "Missouri": 0.06618300080299377, "Ohio": 0.0652339980006218, "Virginia": 0.06319200247526169}
