{"Arizona": 0.0840969979763031, "Florida": 0.07789500057697296, "Illinois": 0.07687000185251236, "Indiana": 0.07356099784374237, "Louisiana": 0.0696830004453659, "Minnesota": 0.07993099838495255, "Oklahoma": 0.07472000271081924, "Pennsylvania": 0.07429099828004837, "South Carolina": 0.07973399758338928, "South Dakota": 0.07058800011873245, "Wyoming": 0.07733400166034698, "District of Columbia": 0.14642399549484253, "Rhode Island": 0.1426279991865158, "Alabama": 0.06294800341129303, "Colorado": 0.12144999951124191, "North Dakota": 0.057335998862981796, "New Jersey": 0.06520199775695801, "Tennessee": 0.06025100126862526, "Utah": 0.047495000064373016, "West Virginia": 0.06718999892473221, "Arkansas": 0.06369400024414062, "Kentucky": 0.06397700309753418, "Mississippi": 0.061990998685359955, "Massachusetts": 0.10718400031328201, "Montana": 0.1210160031914711, "Oregon": 0.14302699267864227, "Vermont": 0.14318999648094177, "California": 0.1008789986371994, "New Mexico": 0.10594400018453598, "Texas": 0.060074999928474426, "Washington": 0.11816699802875519, "Hawaii": 0.10141800343990326, "Iowa": 0.06716299802064896, "Maryland": 0.0630669966340065, "New Hampshire": 0.09882800281047821, "Idaho": 0.06543300300836563, "Maine": 0.11028499901294708, "Michigan": 0.10197000205516815, "Alaska": 0.16072900593280792, "Georgia": 0.06437300145626068, "Nebraska": 0.058688998222351074, "Nevada": 0.11300700157880783, "Connecticut": 0.09361699968576431, "New York": 0.09711699932813644, "North Carolina": 0.06556999683380127, "Wisconsin": 0.06947000324726105, "Kansas": 0.05124799907207489, "Missouri": 0.0679280012845993, "Ohio": 0.09332899749279022, "Delaware": 0.0955360010266304, "Virginia": 0.06481300294399261}
