{"Arizona": 0.09474600106477737, "Florida": 0.08096399903297424, "Georgia": 0.08409900218248367, "Illinois": 0.08198899775743484, "Louisiana": 0.07633300125598907, "Minnesota": 0.08641300350427628, "Missouri": 0.07925699651241302, "North Carolina": 0.07678700238466263, "South Carolina": 0.08044199645519257, "Virginia": 0.08759299665689468, "Wisconsin": 0.07617499679327011, "District of Columbia": 0.16181999444961548, "Rhode Island": 0.15411600470542908, "Alabama": 0.06896600127220154, "Colorado": 0.1497970074415207, "North Dakota": 0.06062699854373932, "South Dakota": 0.06971099972724915, "New Jersey": 0.06811299920082092, "Tennessee": 0.06936600059270859, "Utah": 0.058462001383304596, "West Virginia": 0.07522399723529816, "Arkansas": 0.06822799891233444, "Kentucky": 0.062144000083208084, "Mississippi": 0.05516799911856651, "Oklahoma": 0.06846600025892258, "Massachusetts": 0.11019299924373627, "Montana": 0.12648700177669525, "Oregon": 0.16588400304317474, "Vermont": 0.1426820009946823, "California": 0.100832998752594, "New Mexico": 0.11715400218963623, "Texas": 0.06158699840307236, "Washington": 0.14301399886608124, "Hawaii": 0.10351700335741043, "Iowa": 0.06780199706554413, "Maryland": 0.073573999106884, "New Hampshire": 0.10587900131940842, "Idaho": 0.06742499768733978, "Maine": 0.1311500072479248, "Michigan": 0.11757399886846542, "Alaska": 0.17240799963474274, "Nebraska": 0.06457699835300446, "Nevada": 0.11189699918031693, "Connecticut": 0.0972369983792305, "New York": 0.10614000260829926, "Kansas": 0.05075300112366676, "Pennsylvania": 0.07572899758815765, "Wyoming": 0.07218100130558014, "Indiana": 0.07262600213289261, "Ohio": 0.09723799675703049, "Delaware": 0.09513500332832336}
