{"ALABAMA": 0.004274157278347301, "WEST VIRGINIA": 0.0030200083660933265, "ARKANSAS": 0.0048014930037362175, "VERMONT": 0.0009927189966834886, "DELAWARE": 0.004890905865025534, "COLORADO": 0.0030908166858543513, "OREGON": 0.002323285827377143, "TENNESSEE": 0.006084266046472994, "WYOMING": 0.001954967277408487, "NEBRASKA": 0.002803609667377623, "NEW YORK": 0.0038183497029584436, "MONTANA": 0.003236682268784334, "NEW MEXICO": 0.005973900685279626, "MISSISSIPPI": 0.002784829658803258, "SOUTH CAROLINA": 0.004977152527417588, "KANSAS": 0.003485856335060938, "MAINE": 0.001278109961062756, "IOWA": 0.002734681503099649, "TEXAS": 0.004058840763857702, "IDAHO": 0.0021217965033185193, "NORTH CAROLINA": 0.003295164785391419, "MASSACHUSETTS": 0.003913625387819387, "WASHINGTON": 0.0028515066848119317, "RHODE ISLAND": 0.002192057605719631, "INDIANA": 0.003653104395958377, "CALIFORNIA": 0.003961316925455834, "MARYLAND": 0.004461041558916586, "GEORGIA": 0.0037729727513465673, "HAWAII": 0.0025923507337831907, "LOUISIANA": 0.005147455435604545, "VIRGINIA": 0.001962458905762219, "PENNSYLVANIA": 0.003140951242761419, "ARIZONA": 0.00399852395103368, "NEW HAMPSHIRE": 0.0019610902214554724, "SOUTH DAKOTA": 0.0032654496439769097, "NORTH DAKOTA": 0.0026505040014496634, "UTAH": 0.002156374897974856, "NEW JERSEY": 0.002611942594545307, "KENTUCKY": 0.002116254899503949, "MISSOURI": 0.004429060083063018, "ALASKA": 0.006357807180901604, "FLORIDA": 0.005404885876886069, "ILLINOIS": 0.0037003768463842466, "OKLAHOMA": 0.0040597712613887746, "NEVADA": 0.006355889667813626, "WISCONSIN": 0.0029029638228945435, "MICHIGAN": 0.00427331237310009, "MINNESOTA": 0.00229147948947193, "CONNECTICUT": 0.002369409318657194, "OHIO": 0.0028488473035957833}