{"ALABAMA": 0.0037776144958633698, "WEST VIRGINIA": 0.003146259512982773, "ARKANSAS": 0.005053297109177967, "VERMONT": 0.0013024558083935686, "DELAWARE": 0.006208696852998105, "COLORADO": 0.0032078686135915166, "OREGON": 0.0025201810249554043, "TENNESSEE": 0.006133053266531203, "WYOMING": 0.001958745693065969, "NEBRASKA": 0.00279465882877294, "NEW YORK": 0.003920765821131502, "MONTANA": 0.0027218103626890635, "NEW MEXICO": 0.005888754693011146, "MISSISSIPPI": 0.0026970673983763675, "SOUTH CAROLINA": 0.005977475502468563, "KANSAS": 0.003691049581545523, "MAINE": 0.0012203008067836981, "IOWA": 0.002735400174963194, "TEXAS": 0.0045030214279172375, "IDAHO": 0.002210410683460259, "NORTH CAROLINA": 0.0036341106161061794, "MASSACHUSETTS": 0.004666269270907072, "WASHINGTON": 0.003137909804982943, "RHODE ISLAND": 0.002566107430690873, "INDIANA": 0.003144605587894263, "CALIFORNIA": 0.004405787133049709, "MARYLAND": 0.005476697880265043, "GEORGIA": 0.004033175011532721, "HAWAII": 0.0026273596799531868, "LOUISIANA": 0.005489512001221166, "VIRGINIA": 0.0021356016429896975, "PENNSYLVANIA": 0.003661833739963199, "ARIZONA": 0.004080871499559529, "NEW HAMPSHIRE": 0.0016696164743594613, "SOUTH DAKOTA": 0.002684909970768135, "NORTH DAKOTA": 0.002249509731768638, "UTAH": 0.0021270783697585104, "NEW JERSEY": 0.0030772664001636053, "KENTUCKY": 0.002426160313243844, "MISSOURI": 0.004550397759064353, "ALASKA": 0.006388062475448129, "FLORIDA": 0.005423505064274777, "ILLINOIS": 0.004351695224366189, "OKLAHOMA": 0.00479480592458557, "NEVADA": 0.006606429576778961, "WISCONSIN": 0.0024867302293341323, "MICHIGAN": 0.0049030519120485975, "MINNESOTA": 0.0023595733348416503, "CONNECTICUT": 0.002813857598156961, "OHIO": 0.0031522547905327297}